{"chunk_definitions":[{"chunk_id":"csetup_chunk","chunk_label":"setup","document_id":"FA8E4514","expansion_state":0,"options":{"engine":"r","include":false,"label":"setup"},"row":9,"row_count":1,"visible":true},{"chunk_id":"cntd8un1rey3g","chunk_label":"unnamed-chunk-1","document_id":"FA8E4514","expansion_state":0,"options":{"engine":"r","label":"unnamed-chunk-1"},"row":16,"row_count":1,"visible":true},{"chunk_id":"c9mqrxlq1s3ox","chunk_label":"unnamed-chunk-2","document_id":"FA8E4514","expansion_state":0,"options":{"engine":"r","label":"unnamed-chunk-15"},"row":141,"row_count":1,"visible":true}],"doc_write_time":1528157458}